City,Latitude,Longitude,Temperature,Clouds,Humidity,MaxTemp,WindSpeed,Date
hilo,19.71,-155.08,27.2,75,64,27.2,3.1,2018-10-12 00:53:00
newberg,45.3,-122.97,16.34,1,51,17.2,2.21,2018-10-12 01:56:00
sentyabrskiy,-33.64,115.35,17.07,92,100,17.07,5.56,2018-10-12 02:09:29
busselton,-0.39,-78.55,12,40,71,12,5.7,2018-10-12 01:00:00
san cristobal,-54.81,-68.31,9,75,45,9,2.6,2018-10-12 01:00:00
ushuaia,-35.17,173.16,15,80,84,15,10.76,2018-10-12 02:14:23
ahipara,-2.55,14.76,20.32,92,99,20.32,3.26,2018-10-12 02:18:34
djambala,-42.48,-73.76,1.97,20,100,1.97,1.31,2018-10-12 02:21:03
castro,-11.81,-37.61,23.82,88,96,23.82,3.81,2018-10-12 02:21:03
conde,-33.93,18.42,14,20,76,14,9.3,2018-10-12 01:00:00
cape town,-46.19,168.86,6.5,92,67,6.5,8.51,2018-10-12 02:21:43
mataura,-32.49,137.76,24,0,36,24,5.7,2018-10-12 02:00:00
port augusta,5.53,-74.53,18.52,76,100,18.52,0.76,2018-10-12 02:18:35
caceres,-53.16,-70.91,7,0,70,7,9.8,2018-10-12 01:00:00
punta arenas,-23.58,149.07,26.17,92,59,26.17,4.66,2018-10-12 02:09:39
bluff,53.05,158.65,11,64,53,11,2,2018-10-12 01:30:00
petropavlovsk-kamchatskiy,-30.17,-50.22,17.75,68,76,17.75,7.86,2018-10-12 02:08:15
cidreira,52.77,41.29,0.82,0,94,0.82,3.16,2018-10-12 02:18:36
komsomolets,-20.41,57.7,22,20,68,22,5.7,2018-10-12 01:00:00
bairiki,-42.78,147.06,15,75,54,15,2.1,2018-10-12 01:30:00
mahebourg,71.97,114.09,-2.88,64,96,-2.88,2.06,2018-10-12 02:08:27
new norfolk,22.08,-159.32,28.42,75,69,29.4,5.1,2018-10-12 00:56:00
saskylakh,42.65,-73.75,18.75,90,81,19.4,3.1,2018-10-12 01:51:00
kapaa,-0.74,-90.35,23,20,73,23,7.2,2018-10-12 01:00:00
albany,39.95,-94.76,5.6,1,88,5.6,1.31,2018-10-12 01:53:00
puerto ayora,-13.71,-76.2,18,90,82,18,7.7,2018-10-12 01:00:00
kodiak,46.23,-73.02,14.52,12,95,14.52,3.66,2018-10-12 02:18:37
pisco,-38.55,-58.74,9.67,92,68,9.67,5.01,2018-10-12 02:16:11
maskinonge,50.56,-96.99,-2.16,44,98,-2.16,3.46,2018-10-12 02:09:24
necochea,10.24,-61.45,27,20,83,27,1.5,2018-10-12 01:00:00
husavik,33.15,68.78,2.97,12,93,2.97,0.96,2018-10-12 02:18:37
esperance,78.22,15.63,0,75,88,0,10.8,2018-10-12 01:50:00
sharan,5.28,115.24,30,75,79,30,1,2018-10-12 01:30:00
longyearbyen,17.54,120.52,31,20,62,31,1,2018-10-12 02:00:00
victoria,-23.12,-134.97,21.62,92,100,21.62,5.91,2018-10-12 02:09:23
san quintin,-34.53,20.04,14,92,76,14,3.1,2018-10-12 01:00:00
taolanaro,-18.97,32.67,11.02,0,87,11.02,1.06,2018-10-12 02:18:38
rikitea,-20.63,-46,22.77,24,64,22.77,4.76,2018-10-12 02:18:38
bredasdorp,15.86,-97.07,26,90,69,26,0.61,2018-10-12 00:40:00
mutare,-34,24.73,15.47,100,100,15.47,5.56,2018-10-12 02:18:38
ponta do sol,-42.88,147.33,15,75,54,15,2.1,2018-10-12 01:30:00
puerto escondido,62.93,152.39,-3.66,48,94,-3.66,1.46,2018-10-12 02:18:38
kruisfontein,63.9,122.77,-0.28,92,86,-0.28,3.01,2018-10-12 02:11:08
hobart,27.97,-114.04,19.92,92,92,19.92,3.01,2018-10-12 02:18:39
seymchan,69.49,88.39,-0.68,88,90,-0.68,9.51,2018-10-12 02:08:25
kysyl-syr,-9.17,-60.63,23,36,95,23,0.06,2018-10-12 02:18:39
guerrero negro,69.13,18.61,3.81,56,100,6,3.6,2018-10-12 01:50:00
talnakh,55.34,-131.65,9.99,90,92,10.6,8.2,2018-10-12 01:56:00
lolua,57.91,26.05,10,90,93,10,2.1,2018-10-12 01:50:00
aripuana,38.52,-28.7,20.72,92,100,20.72,14.26,2018-10-12 02:14:35
moen,45.36,-73.48,9.15,90,100,10.8,6.61,2018-10-12 01:55:00
ketchikan,22.89,-109.91,25.57,20,73,26,3.6,2018-10-12 00:45:00
soe,15.34,74.49,26.6,0,58,26.6,1.21,2018-10-12 02:09:26
ribeira grande,-20.34,57.76,22,20,68,22,5.7,2018-10-12 01:00:00
saint-philippe,56.17,91.82,-4,0,92,-4,2.31,2018-10-12 01:30:00
cabo san lucas,-5.2,-35.46,24.25,88,93,24.25,6.41,2018-10-12 02:09:51
vaini,-33.59,26.89,16.82,92,100,16.82,5.41,2018-10-12 02:18:40
belushya guba,3.07,172.79,28.57,44,100,28.57,3.46,2018-10-12 02:07:37
bambous virieux,-1.82,-44.87,26.62,0,78,26.62,4.01,2018-10-12 02:11:16
kedrovyy,36.85,-75.98,23.56,90,93,25,5.7,2018-10-12 01:59:00
touros,52.83,70.79,5.77,88,93,5.77,3.96,2018-10-12 02:18:41
port alfred,-0.92,100.36,25.92,80,100,25.92,5.16,2018-10-12 02:09:29
butaritari,-32.03,-52.1,17,90,67,17,6.2,2018-10-12 01:00:00
cururupu,59.7,30.79,6,90,100,6,3,2018-10-12 01:30:00
virginia beach,66.08,76.63,0.35,92,99,0.35,2.06,2018-10-12 02:18:41
stepnyak,-21.21,-159.78,25,75,69,25,7.2,2018-10-12 01:00:00
padang,63.01,112.47,1.67,80,91,1.67,2.66,2018-10-12 02:09:28
rio grande,-9.8,-139.03,26.62,76,100,26.62,8.06,2018-10-12 02:06:49
nikolskoye,61.28,108.01,3.62,88,64,3.62,3.46,2018-10-12 02:18:42
novyy urengoy,10.57,72.64,28.77,80,99,28.77,4.51,2018-10-12 02:18:42
avarua,60.79,-161.76,8.9,90,70,8.9,6.7,2018-10-12 00:53:00
chernyshevskiy,-16.48,-151.75,26.57,36,100,26.57,6.86,2018-10-12 02:14:55
atuona,55.45,65.32,3.1,88,88,3.1,5.91,2018-10-12 02:18:42
yerbogachen,-23.7,133.88,27,0,39,27,5.7,2018-10-12 02:00:00
kavaratti,45.6,-0.6,16.55,0,100,17,2.1,2018-10-12 02:00:00
bethel,-34.42,19.24,11.1,44,90,11.1,2.81,2018-10-12 02:08:01
barentsburg,6.11,-75.98,16,75,82,16,3.1,2018-10-12 01:00:00
faanui,-38.95,-68.06,13,0,54,13,1,2018-10-12 01:00:00
kurgan,67.67,12.69,11.62,12,94,11.62,6.16,2018-10-12 02:11:23
alice springs,14.2,44.5,4.62,0,59,4.62,1.61,2018-10-12 02:18:44
souillac,-46.28,169.85,6.32,92,68,6.32,9.76,2018-10-12 02:09:33
hermanus,50.67,13.08,10.13,0,100,16,0.5,2018-10-12 02:00:00
betulia,8.79,-74.16,23.32,92,100,23.32,0.96,2018-10-12 02:18:45
neuquen,10.47,123.98,31,20,66,31,4.1,2018-10-12 02:00:00
odweyne,37.17,-99.65,8.7,92,83,8.7,4.76,2018-10-12 02:08:12
sorland,26.12,127.67,18.41,90,82,19,5.1,2018-10-12 02:00:00
zabid,26.08,119.3,20,20,56,20,6,2018-10-12 01:00:00
kaitangata,-8.93,125.41,31.25,0,32,31.25,0.76,2018-10-12 02:09:34
warmbad,-27.7,23.05,17.27,92,25,17.27,4.86,2018-10-12 02:18:46
altos del rosario,51.38,58.98,2,0,93,2,4,2018-10-12 01:00:00
buluang,-6.97,-34.84,24,20,78,24,4.1,2018-10-12 01:00:00
bolshaya chernigovka,-46.43,-67.52,9.1,0,51,9.1,5.81,2018-10-12 02:18:47
sitka,47.41,47.25,4.45,0,87,4.45,5.21,2018-10-12 02:18:47
itoman,-38.31,-60.23,10.7,92,47,10.7,3.06,2018-10-12 02:04:46
fuzhou,7.14,40.71,16.72,100,83,16.72,1.46,2018-10-12 02:18:47
sukheke,59.1,26.19,8.87,8,97,8.87,2.66,2018-10-12 02:11:11
airai,-4.97,39.83,24.57,88,100,24.57,6.01,2018-10-12 02:18:48
kathu,29.06,-13.56,22,0,78,22,2.6,2018-10-12 02:00:00
novoorsk,77.48,-69.36,-5.28,64,100,-5.28,4.66,2018-10-12 02:09:32
cabedelo,60.8,25.73,10.5,90,93,11,5.1,2018-10-12 01:50:00
mar del plata,65.99,60.32,0.22,88,79,0.22,5.01,2018-10-12 02:18:48
kharabali,59.79,5.78,16,36,63,16,10.3,2018-10-12 01:50:00
barrow,49.72,-86.95,-1,90,86,-1,4.1,2018-10-12 01:13:00
ginir,71.98,102.47,-4.26,0,84,-4.26,6.51,2018-10-12 02:07:48
vao,18.43,-68.97,24.85,40,100,26,1.51,2018-10-12 01:00:00
micheweni,-3.2,-52.21,25.75,12,87,25.75,1.31,2018-10-12 02:18:49
teguise,11,122.67,30.1,24,71,30.1,4.76,2018-10-12 02:10:54
qaanaaq,69.7,170.27,1,0,100,1,2.66,2018-10-12 02:08:12
orimattila,-19.55,169.27,24.85,8,99,24.85,3.86,2018-10-12 02:10:06
verkhnyaya inta,68.75,161.3,-2.98,48,96,-2.98,0.91,2018-10-12 02:09:25
gravdal,-46.13,167.69,6.67,88,100,6.67,8.56,2018-10-12 02:11:14
geraldton,43.6,73.76,9.77,0,65,9.77,2.96,2018-10-12 02:18:50
khatanga,39.31,-74.98,22.72,90,100,24.4,2.6,2018-10-12 02:00:00
piste,-15.74,28.18,16.67,0,58,16.67,3.36,2018-10-12 02:18:50
la romana,54.63,22.82,9.5,0,92,9.5,5.36,2018-10-12 02:18:50
altamira,-27.48,-50.12,12.35,76,92,12.35,5.66,2018-10-12 02:18:50
dingle,34.7,138.93,22,75,78,22,3.6,2018-10-12 01:00:00
pevek,59.01,54.66,-0.78,12,75,-0.78,5.11,2018-10-12 02:18:51
tanga,50.68,156.12,9.32,92,95,9.32,6.16,2018-10-12 02:09:47
isangel,38.94,100.46,11.72,0,56,11.72,1.86,2018-10-12 02:10:25
cherskiy,63.75,121.63,2.1,92,99,2.1,1.61,2018-10-12 02:11:10
tuatapere,56.52,50.68,0.5,0,72,0.5,5.71,2018-10-12 02:18:51
shu,-33.02,27.91,18.52,24,100,18.52,11.06,2018-10-12 02:18:51
port elizabeth,62.45,-114.38,-1,75,86,-1,2.6,2018-10-12 01:00:00
kafue,3.78,72.97,28.35,92,99,28.35,3.86,2018-10-12 02:18:51
virbalis,3.94,41.86,24.6,12,57,24.6,3.46,2018-10-12 02:18:52
otacilio costa,28.04,-82.39,26.17,1,94,27.8,2.41,2018-10-12 02:15:00
shimoda,-9.65,120.26,32.2,0,51,32.2,3.21,2018-10-12 02:17:09
kudymkar,68.05,39.51,-2.08,12,89,-2.08,5.11,2018-10-12 02:10:52
saleaula,-10.62,150.67,26.37,68,100,26.37,5.66,2018-10-12 02:18:52
severo-kurilsk,51.26,-80.61,1,90,100,1,5.1,2018-10-12 02:14:00
zhangye,65.61,-37.64,1,92,100,1,3.6,2018-10-12 01:50:00
vilyuysk,-13.19,49.05,23.07,0,67,23.07,6.76,2018-10-12 02:10:28
malmyzh,60.91,-46.05,-2,20,46,-2,2.1,2018-10-12 00:50:00
east london,-34.48,-54.34,7.87,92,99,7.87,3.86,2018-10-12 02:17:06
yellowknife,49.74,15.11,11.27,0,76,14,3.6,2018-10-12 02:00:00
vaitupu,61.99,-49.67,1.77,0,100,1.77,12.86,2018-10-12 02:18:53
mahibadhoo,53.88,43.7,0.1,0,93,0.1,3.31,2018-10-12 02:18:53
mandera,40.5,16.45,16.88,75,88,19,1.5,2018-10-12 00:55:00
nguiu,-33.21,138.6,22.47,0,44,22.47,2.46,2018-10-12 02:09:22
temple terrace,43.05,-2.2,15.79,0,93,19,1.5,2018-10-12 02:00:00
waingapu,67.8,130.41,-5.66,88,90,-5.66,1.66,2018-10-12 02:10:09
ostrovnoy,-34.29,146.06,20.22,8,71,20.22,5.96,2018-10-12 02:18:54
maryanovka,49.6,117.43,11.02,0,46,11.02,2.06,2018-10-12 02:18:54
samarai,39.62,-77.74,19.98,90,75,22.2,5.7,2018-10-12 01:55:00
moose factory,41.42,-6.55,10.77,24,95,10.77,2.91,2018-10-12 02:09:45
tasiilaq,14.9,-24.5,26.5,0,95,26.5,4.61,2018-10-12 02:18:55
ambilobe,37.46,-122.43,18.5,5,55,20.6,3.1,2018-10-12 01:56:00
narsaq,-33.42,149.58,14.45,12,67,14.45,3.31,2018-10-12 02:18:55
rocha,0.39,9.45,25,75,94,25,4.1,2018-10-12 01:30:00
zruc nad sazavou,64.75,20.95,8,92,93,8,2.56,2018-10-12 01:50:00
paamiut,48.64,13.53,13,88,58,13,2.1,2018-10-12 01:20:00
litoral del san juan,39.78,30.52,6.65,56,100,7,0.5,2018-10-12 02:05:00
narovchat,-22.97,-42.02,22.87,92,98,22.87,2.01,2018-10-12 02:18:56
ferrandina,-18.06,13.84,12.92,0,62,12.92,1.51,2018-10-12 02:08:36
jamestown,-20.01,148.25,29,90,58,29,4.6,2018-10-12 01:00:00
beasain,36.62,-121.92,16.48,1,69,17,3.1,2018-10-12 01:55:00
batagay-alyta,71.64,128.87,-1.56,44,98,-1.56,1.76,2018-10-12 02:10:36
griffith,46.38,-75.98,10.72,64,78,10.72,3.56,2018-10-12 02:18:34
manzhouli,64.73,177.51,4,90,89,4,5,2018-10-12 01:30:00
vardo,53.14,59.15,1,40,74,1,5,2018-10-12 01:30:00
saldanha,60.14,-45.24,1.1,20,95,1.1,12.91,2018-10-12 02:09:37
sao filipe,20.2,1.01,20.42,0,34,20.42,4.31,2018-10-12 02:10:21
half moon bay,69.44,-133.03,-5,90,92,-5,5.1,2018-10-12 01:36:00
bathurst,35.55,133.23,16.37,75,48,18,1.5,2018-10-12 01:00:00
libreville,67.55,63.78,-0.13,92,96,-0.13,7.71,2018-10-12 02:08:09
skelleftea,62.23,-6.59,9,32,100,9,5.1,2018-10-12 01:50:00
wanning,-10.46,161.92,28.12,68,100,28.12,7.06,2018-10-12 02:11:00
eskisehir,29.28,82.18,3.47,0,83,3.47,0.81,2018-10-12 02:18:57
arraial do cabo,-28.95,153.24,16.57,92,95,16.57,2.86,2018-10-12 02:11:00
opuwo,57.94,69.02,1.6,80,100,1.6,4.81,2018-10-12 02:18:58
bowen,26.93,-82.05,26.58,40,90,28,2.6,2018-10-12 02:15:00
pacific grove,63.75,-68.52,-9,20,85,-9,3.1,2018-10-12 01:00:00
bolungarvik,35.05,46.36,12.42,68,50,12.42,0.76,2018-10-12 02:18:58
tiksi,1.11,101.31,22.72,92,100,22.72,1.31,2018-10-12 02:18:58
maniwaki,62.16,117.65,4.27,92,95,4.27,3.26,2018-10-12 02:18:58
anadyr,33.19,-82.53,23.48,1,58,25.6,3.1,2018-10-12 01:35:00
svetlogorsk,60.72,-135.06,5,75,75,5,3.1,2018-10-12 01:00:00
nanortalik,70.47,-68.59,-6,40,73,-6,2.76,2018-10-12 02:00:00
tessalit,71.03,27.85,4.72,88,100,4.72,2.16,2018-10-12 02:18:59
tuktoyaktuk,-3.41,114.85,29,40,79,29,1.5,2018-10-12 02:00:00
sakaiminato,-37.88,147.99,16.82,8,74,16.82,4.21,2018-10-12 02:18:59
komsomolskiy,32.35,-95.3,16.34,1,67,18.3,1.5,2018-10-12 01:55:00
klaksvik,-2.67,141.3,28.82,36,100,28.82,5.21,2018-10-12 02:19:00
illoqqortoormiut,5.66,-67.63,25,75,94,25,1.16,2018-10-12 01:00:00
mys shmidta,20.87,-101.52,22,75,60,22,3.1,2018-10-12 00:49:00
kirakira,41.46,15.54,14.67,75,88,17,1,2018-10-12 00:55:00
jumla,61.99,5.14,16,48,55,16,6.7,2018-10-12 01:50:00
codrington,47.66,-52.73,2,90,64,2,4.6,2018-10-12 01:00:00
vagay,17.41,121.44,26.42,8,71,26.42,1.21,2018-10-12 02:19:01
punta gorda,-0.6,73.08,28.97,48,98,28.97,2.11,2018-10-12 02:09:24
iqaluit,43.56,6.97,16.65,90,93,17,2.6,2018-10-12 02:00:00
paveh,-10.84,-38.54,20.92,0,83,20.92,4.11,2018-10-12 02:19:01
balaipungut,21.28,-88.93,26.5,8,75,26.5,1.76,2018-10-12 02:15:46
suntar,47.69,-114.16,0.37,0,69,0.37,1.41,2018-10-12 02:17:43
avera,-10.34,-67.19,24.72,0,94,24.72,1.01,2018-10-12 02:19:01
whitehorse,49.15,56.49,2.47,76,88,2.47,5.11,2018-10-12 02:09:31
dinsor,-16.52,-151.75,25.37,92,100,25.37,8.21,2018-10-12 02:19:02
clyde river,46.07,125.99,12,0,40,12,7,2018-10-12 01:00:00
mehamn,-26.65,15.16,17,64,55,17,11.3,2018-10-12 01:00:00
martapura,34.88,-76.9,24.01,20,76,25,11.3,2018-10-12 01:56:00
lakes entrance,29.29,117.2,19.92,0,59,19.92,4.21,2018-10-12 02:19:02
olafsvik,63.44,-20.27,7.97,56,91,7.97,10.21,2018-10-12 02:19:02
tyler,68.06,166.44,-5.48,12,77,-5.48,1.36,2018-10-12 02:14:33
vanimo,-5.36,104.98,31.35,8,56,31.35,1.31,2018-10-12 02:15:24
puerto ayacucho,67.47,78.7,0.87,92,98,0.87,6.46,2018-10-12 02:08:26
romita,63.45,120.31,1.57,92,96,1.57,1.41,2018-10-12 02:19:03
foggia,14.69,-16.54,24.97,0,85,24.97,2.86,2018-10-12 02:19:03
raudeberg,-8.15,159.59,29.32,68,88,29.32,2.56,2018-10-12 02:19:03
coalcoman,-30.97,22.13,13.6,92,43,13.6,3.91,2018-10-12 02:09:36
ijaki,27.87,-0.29,24,0,44,24,3.1,2018-10-12 01:00:00
torbay,49.05,28.42,3.2,0,86,3.2,1.51,2018-10-12 02:19:03
tabuk,0.57,122.3,26.92,80,90,26.92,1.26,2018-10-12 02:19:04
umzimvubu,-2.57,150.8,30.02,68,99,30.02,4.16,2018-10-12 02:09:47
hithadhoo,58.81,-122.69,3,75,69,3,1,2018-10-12 01:00:00
saint-joseph,-24.41,25.52,22,0,37,22,1.5,2018-10-12 01:00:00
ribeira do pombal,18.42,84.04,23.52,92,100,23.52,1.86,2018-10-12 02:19:04
dzilam gonzalez,-28,153.41,19,75,77,19,5.1,2018-10-12 02:00:00
mouzakion,28.66,-17.92,22,0,60,22,2.6,2018-10-12 02:00:00
polson,-2.02,147.27,30.37,32,92,30.37,4.71,2018-10-12 02:10:42
placido de castro,66.15,-65.72,-9.83,0,100,-9.83,5.21,2018-10-12 02:10:35
shubarkuduk,5.68,5.76,23.52,76,97,23.52,2.66,2018-10-12 02:17:51
vaitape,35.03,136.69,20,75,56,20,11.8,2018-10-12 01:30:00
bengkulu,67.65,134.64,-5.03,88,83,-5.03,1.41,2018-10-12 02:10:54
zhaodong,39.45,22.34,17,20,63,17,2.1,2018-10-12 01:50:00
luderitz,14.2,24.66,19.12,0,27,19.12,5.61,2018-10-12 02:19:05
havelock,40.43,113.15,8.87,0,47,8.87,1.81,2018-10-12 02:19:06
jingdezhen,55.74,-97.86,-4,5,58,-4,2.21,2018-10-12 01:00:00
vestmannaeyjar,11.28,-15.83,24,40,94,24,1,2018-10-12 02:00:00
krasnoselkup,43.48,-5.43,13,12,87,13,1.5,2018-10-12 02:00:00
bilibino,-0.13,-67.09,24.85,56,93,24.85,0.96,2018-10-12 02:19:06
pringsewu,51.88,107.48,4,75,86,4,1,2018-10-12 01:30:00
tazovskiy,55.93,110.1,2.52,48,91,2.52,1.56,2018-10-12 02:19:07
verkhnevilyuysk,36.69,52.52,17.67,68,100,17.67,1.41,2018-10-12 02:19:07
gat,-6.34,106.1,31,40,62,31,3.6,2018-10-12 02:00:00
buala,54.13,-108.44,-0.33,76,82,-0.33,3.81,2018-10-12 02:19:07
carnarvon,-25.3,-57.63,25,75,83,25,2.1,2018-10-12 02:00:00
adrar,11.67,92.75,28.25,64,100,28.25,4.16,2018-10-12 02:15:47
sutysky,-31.97,141.45,22.17,48,59,22.17,4.26,2018-10-12 02:19:08
lamu,46.86,-68.01,4.78,90,93,5,3.6,2018-10-12 01:46:00
kavieng,-32.59,151.78,17,75,67,17,6.2,2018-10-12 02:00:00
cienaga de flores,47.48,12.07,12,75,81,12,2.1,2018-10-12 01:50:00
fort nelson,59.58,25.72,10,90,100,10,4.1,2018-10-12 01:50:00
buariki,31.35,119.33,19.82,0,56,19.82,2.86,2018-10-12 02:19:08
braslav,-45.87,170.5,3.7,92,85,3.7,7.66,2018-10-12 02:09:52
molepolole,5.43,7.07,21.75,80,97,21.75,1.36,2018-10-12 02:19:09
ramasukha,54.32,-130.32,11,90,93,11,6.2,2018-10-12 02:11:00
narasannapeta,14.4,46.47,9.82,0,49,9.82,0.61,2018-10-12 02:19:09
gold coast,70.62,147.9,-4.91,80,93,-4.91,1.66,2018-10-12 02:07:43
los llanos de aridane,50.2,-66.38,2,90,69,2,4.1,2018-10-12 02:00:00
lorengau,-9.11,124.89,30,0,73,30,1.61,2018-10-12 02:19:10
pangnirtung,7.2,124.8,33.95,12,47,33.95,1.46,2018-10-12 02:19:10
adeje,-29.67,22.74,14.5,92,37,14.5,2.11,2018-10-12 02:19:10
nizhneyansk,42.84,93.51,12.52,0,44,12.52,3.06,2018-10-12 02:19:10
fukue,-16.23,39.91,24.95,0,100,24.95,2.86,2018-10-12 02:19:10
batagay,55.1,-105.3,-1,5,74,-1,1.5,2018-10-12 01:00:00
saint george,41.53,-8.62,17,20,82,17,6.7,2018-10-12 02:00:00
kutum,43.52,-8.15,18,12,68,18,6.2,2018-10-12 02:00:00
ayoquezco,5.38,-52.96,27.27,20,94,27.27,6.21,2018-10-12 02:08:59
attawapiskat,22.68,-3.98,25.1,0,33,25.1,4.41,2018-10-12 02:19:11
fengzhen,-33.69,-53.46,11,100,100,11,3.71,2018-10-12 02:09:39
thompson,56.2,24.75,9.25,0,93,9.25,4.31,2018-10-12 02:19:12
bubaque,-23.35,47.6,18.27,80,99,18.27,0.96,2018-10-12 02:19:12
villaviciosa,54.52,-128.61,10,75,87,10,11.8,2018-10-12 02:00:00
sao gabriel da cachoeira,-34.72,135.86,19.07,0,78,19.07,6.31,2018-10-12 02:19:12
sotnikovo,41.31,-8.72,17,20,82,17,6.7,2018-10-12 02:00:00
kichera,45.52,-122.67,16.2,20,50,17.2,2.6,2018-10-12 01:56:00
fereydun kenar,46.84,-105.12,2.2,90,14,2.2,1.5,2018-10-12 00:56:00
karaton,61.06,28.19,9,90,100,9,4.1,2018-10-12 01:50:00
meadow lake,60.55,-151.26,10.86,90,65,11.1,1.5,2018-10-12 00:56:00
asuncion,73.51,80.55,-0.01,80,100,-0.01,9.31,2018-10-12 02:07:39
port blair,30.3,-99.24,19.79,90,63,21.1,1.5,2018-10-12 01:55:00
broken hill,36.85,28.27,16.63,0,77,21,3.1,2018-10-12 01:50:00
caribou,37.14,-8.45,21,75,88,21,2.1,2018-10-12 01:30:00
clarence town,42.62,25.4,8,90,100,8,0.96,2018-10-12 02:00:00
worgl,31.27,56.81,8.22,0,64,8.22,1.16,2018-10-12 02:19:14
loksa,59.86,17.64,7.58,0,100,9,1,2018-10-12 01:50:00
zhoucheng,53.42,-2.32,10.93,88,93,12,2.6,2018-10-12 01:50:00
dunedin,0.05,-51.07,28,0,78,28,3.1,2018-10-12 02:00:00
naze,11.47,49.87,18.6,8,85,18.6,0.51,2018-10-12 02:19:14
prince rupert,33.08,-16.33,21,20,94,21,1.5,2018-10-12 02:00:00
marzuq,6.8,-58.16,25,0,94,25,3.1,2018-10-12 01:00:00
chokurdakh,-1.24,116.86,26.7,92,100,26.7,1.51,2018-10-12 02:18:37
fevralsk,-20.46,-66.82,3.87,8,14,3.87,3.01,2018-10-12 02:19:15
sept-iles,-20.07,146.27,29.1,48,60,29.1,4.26,2018-10-12 02:19:15
atambua,34.64,-120.46,17.86,90,63,18.3,3.1,2018-10-12 01:35:00
carmen,23.99,-104.67,22,75,18,22,4.6,2018-10-12 00:43:00
prieska,18.69,12.92,24.35,48,26,24.35,1.86,2018-10-12 02:19:15
hami,-19.06,-169.92,29,75,66,29,4.1,2018-10-12 01:00:00
angoche,9.06,13.67,23.17,20,78,23.17,1.06,2018-10-12 02:19:16
la ronge,37.72,-25.43,22,75,94,22,10.8,2018-10-12 02:00:00
qandahar,50.36,108.75,9.17,32,54,9.17,1.46,2018-10-12 02:19:16
barcelos,32.86,59.22,6,0,20,6,3.1,2018-10-12 01:00:00
naron,-26.98,-56.83,21.95,80,96,21.95,1.66,2018-10-12 02:19:16
sinnamary,64.84,-147.72,5.44,90,98,6.4,2.6,2018-10-12 00:58:00
taoudenni,-6.44,-36.64,20.67,0,82,20.67,5.26,2018-10-12 02:19:17
chuy,16.36,-94.48,25.1,88,96,25.1,1.76,2018-10-12 02:19:17
birzai,15.13,-23.22,25,20,83,25,4.6,2018-10-12 02:00:00
vangaindrano,40.63,17.94,15,32,93,15,2.6,2018-10-12 01:50:00
terrace,-29.78,151.11,17.2,20,73,17.2,4.46,2018-10-12 02:19:17
port lincoln,22.54,114.05,23,20,64,23,4.6,2018-10-12 01:30:00
mindelo,-17.53,-149.33,30,40,58,30,1.5,2018-10-12 02:00:00
portland,46.39,123.41,15.1,0,59,15.1,3.86,2018-10-12 02:19:18
tubruq,17.02,76.77,28.35,0,41,28.35,2.11,2018-10-12 02:19:18
fallon,35.88,119.98,15,0,47,15,2,2018-10-12 01:00:00
lappeenranta,-25.3,152.85,20.97,92,100,20.97,5.56,2018-10-12 02:19:18
kenai,49.97,31.05,10.6,90,87,11,2,2018-10-12 02:00:00
dikson,-20.31,118.58,35,0,21,35,5.7,2018-10-12 02:00:00
harper,6.12,81.12,25.35,80,100,25.35,2.21,2018-10-12 02:09:47
marmaris,21.46,-71.14,27.52,100,100,27.52,5.06,2018-10-12 02:19:19
lagoa,9.66,-68.59,24.97,44,81,24.97,1.46,2018-10-12 02:19:19
kazanlak,41.89,12.48,17.39,0,88,18,2.6,2018-10-12 01:50:00
ravar,8.96,38.73,4.32,0,79,4.32,1.61,2018-10-12 02:08:14
uppsala,48.68,71.64,7.67,92,54,7.67,7.91,2018-10-12 02:19:20
sale,66.84,32.36,4.27,64,100,4.27,2.66,2018-10-12 02:17:32
macapa,35.24,129.21,15,0,47,15,3.6,2018-10-12 02:00:00
qandala,27.52,-110.01,27,75,65,27,1.5,2018-10-12 00:42:00
camacha,33.41,-111.55,25.13,40,44,26.1,3.1,2018-10-12 01:58:00
georgetown,4.94,-52.33,26,0,94,26,3.6,2018-10-12 01:30:00
balikpapan,65.28,-126.83,-2,75,86,-2,1.5,2018-10-12 02:00:00
mau aima,-7.35,-75.01,23.22,48,96,23.22,0.61,2018-10-12 02:19:21
uyuni,-14.27,50.17,23.52,92,100,23.52,8.51,2018-10-12 02:19:21
tsihombe,64.42,-173.23,6,75,87,6,6,2018-10-12 01:30:00
charters towers,27.59,91.87,5.6,92,96,5.6,0.41,2018-10-12 02:19:21
lompoc,59.92,5.78,9.87,36,90,9.87,1.81,2018-10-12 02:19:21
constitucion,24.32,109.41,20.62,32,66,20.62,3.46,2018-10-12 02:19:21
bilma,60.75,-137.51,-1.51,32,84,-1.51,0.96,2018-10-12 02:16:57
alofi,-37.02,175.85,14.2,88,77,14.2,6.01,2018-10-12 02:19:22
lagdo,1.87,9.77,24.47,88,100,24.47,2.11,2018-10-12 02:19:22
inderborskiy,35.73,140.83,19.62,75,88,20,5.1,2018-10-12 01:45:00
vila franca do campo,25.1,117.03,18.97,24,78,18.97,1.16,2018-10-12 02:19:22
bocaranga,-20.01,57.66,22,20,68,22,5.7,2018-10-12 01:00:00
krasnyy chikoy,65.4,64.7,-1.81,0,81,-1.81,7.51,2018-10-12 02:19:22
birjand,69.22,-51.1,-12,0,66,-12,1.5,2018-10-12 01:50:00
san patricio,69.3,139.9,-7.78,44,90,-7.78,1.56,2018-10-12 02:17:53
fairbanks,10.99,-74.96,25,75,100,25,1,2018-10-12 01:00:00
samusu,-9.91,-63.03,24.22,48,89,24.22,0.96,2018-10-12 02:19:23
acari,32.3,-64.78,24,20,64,24,2.6,2018-10-12 00:55:00
ixhuatan,22.2,-84.09,26.6,92,89,26.6,1.16,2018-10-12 02:19:23
vila do maio,38.18,-1.13,18.5,0,88,19,1.5,2018-10-12 02:00:00
brindisi,48.92,8.78,12,0,93,12,1,2018-10-12 01:50:00
inverell,16.91,97.37,28.1,36,100,28.1,2.21,2018-10-12 02:19:24
shenzhen,-8.05,111.71,31.37,8,43,31.37,1.56,2018-10-12 02:19:24
tiarei,54.43,31.9,0.47,0,78,0.47,1.26,2018-10-12 02:10:07
tailai,66.94,-53.67,-16.56,0,100,-16.56,0.76,2018-10-12 02:09:31
jevargi,38.61,-122.87,16.67,1,69,18.9,2.1,2018-10-12 01:56:00
jiaonan,-8.38,-74.54,25,75,88,25,1.01,2018-10-12 01:00:00
hervey bay,-18.33,-59.76,24.42,48,77,24.42,1.96,2018-10-12 02:19:24
rzhyshchiv,42.97,140.51,12.37,88,100,12.37,7.51,2018-10-12 02:19:25
matsanga,-12.05,134.23,31.87,0,56,31.87,5.46,2018-10-12 02:19:25
port hedland,-7.91,39.67,23.52,92,100,23.52,4.26,2018-10-12 02:19:25
hambantota,49.49,105.92,10.72,0,60,10.72,2.11,2018-10-12 02:19:25
cockburn town,13.22,-59.52,28,40,78,28,3.6,2018-10-12 01:00:00
san carlos,48.81,103.53,10.92,20,40,10.92,1.31,2018-10-12 02:19:25
rome,49.78,-74.86,3,90,100,3,5.1,2018-10-12 01:45:00
lebu,65.73,150.89,-4.08,76,87,-4.08,1.51,2018-10-12 02:19:26
atasu,7.99,-10.85,21.02,36,97,21.02,1.31,2018-10-12 02:19:26
kuche,30.95,118.78,19.32,0,62,19.32,3.41,2018-10-12 02:19:26
zelenoborskiy,21.43,39.83,19.35,20,52,19.35,1.51,2018-10-12 02:17:23
kijang,18.44,1.41,23.17,0,27,23.17,4.46,2018-10-12 02:19:26
laguna,-9.67,-35.74,22,0,88,22,2.1,2018-10-12 02:00:00
apache junction,-23.13,150.74,25,75,73,25,2.6,2018-10-12 02:00:00
cayenne,10.35,107.08,30,0,74,30,1.5,2018-10-12 02:00:00
norman wells,58.52,-117.13,1,75,74,1,1,2018-10-12 01:00:00
contamana,7.53,-12.5,23.27,64,100,23.27,0.76,2018-10-12 02:10:43
sambava,51.74,111.97,9.57,12,58,9.57,1.71,2018-10-12 02:19:27
provideniya,52.99,49.43,4.87,68,65,4.87,6.56,2018-10-12 02:19:27
tawang,26.3,68.63,22,0,68,22,1.41,2018-10-12 01:00:00
hellvik,52.06,-1.34,12.98,90,87,13,4.6,2018-10-12 01:56:00
liuzhou,44.08,-80.2,10,90,71,11,5.1,2018-10-12 02:00:00
haines junction,-3.77,-70.38,24,75,100,24,1.21,2018-10-12 01:00:00
tairua,-35.94,173.86,15,92,78,15,11.56,2018-10-12 02:19:28
bata,49.28,120.73,10.72,0,53,10.72,6.01,2018-10-12 02:19:28
hasaki,60.4,-1.35,13,92,93,13,8.2,2018-10-12 01:50:00
longyan,12.18,6.51,22.37,64,80,22.37,1.46,2018-10-12 02:19:29
grand gaube,44.08,-93.51,0.76,90,88,1,5.1,2018-10-12 01:35:00
muzhi,-25.1,30.46,12.45,32,99,12.45,0.56,2018-10-12 02:19:29
ilulissat,66.42,112.4,-2.93,36,73,-2.93,1.51,2018-10-12 02:10:40
deputatskiy,-5.9,-76.1,23,32,98,23,0.91,2018-10-12 02:19:29
puerto colombia,-16.53,28.78,18.25,0,77,18.25,2.16,2018-10-12 02:19:29
ariquemes,70.03,20.97,6.45,36,100,6.45,4.46,2018-10-12 02:10:25
hamilton,0.61,-80.02,20.17,0,98,20.17,1.56,2018-10-12 02:19:30
chardara,68.22,-135.01,-3,90,92,-3,4.1,2018-10-12 01:32:00
amderma,-3.36,135.5,24.6,76,89,24.6,1.16,2018-10-12 02:19:30
guane,-29.95,-71.34,11,0,81,11,2.6,2018-10-12 01:00:00
fortuna,5.26,-0.76,24.17,64,97,24.17,2.66,2018-10-12 02:19:30
niefern-oschelbronn,-39.03,-67.58,13,0,54,13,1,2018-10-12 01:00:00
thaton,25.86,114.93,14.2,92,90,14.2,1.51,2018-10-12 02:19:31
trenggalek,-25.97,32.57,22,20,94,22,1.5,2018-10-12 01:00:00
sobolevo,69.43,30.82,-2,8,100,-2,4.1,2018-10-12 01:50:00
sisimiut,28.89,110.18,17.77,12,46,17.77,1.36,2018-10-12 02:19:31
healdsburg,37.57,126.98,12.25,0,30,14,4.1,2018-10-12 01:30:00
pucallpa,25.12,62.33,25.07,0,62,25.07,6.61,2018-10-12 02:19:31
robore,-11.1,-77.61,15.17,88,99,15.17,2.61,2018-10-12 02:19:31
iwanai,43.52,-114.32,6,40,75,6,2.6,2018-10-12 01:55:00
maningrida,62.16,-7.17,9,36,100,9,5.1,2018-10-12 01:50:00
kilindoni,52.55,62.49,1.47,56,84,1.47,4.91,2018-10-12 02:19:32
darhan,20.52,-13.05,24.02,48,44,24.02,1.86,2018-10-12 02:19:32
bathsheba,-13.55,23.12,14.7,0,56,14.7,2.21,2018-10-12 02:19:32
bulgan,56.07,37.56,1.56,0,100,2,2,2018-10-12 01:30:00
chapais,34.14,71.73,18,20,72,18,2.1,2018-10-12 02:00:00
aybak,41.93,8.74,16.76,0,87,18,2.1,2018-10-12 02:00:00
zyryanka,61.68,96.39,-1.56,56,80,-1.56,2.66,2018-10-12 02:10:52
daru,-3.41,29.14,14.25,24,100,14.25,1.46,2018-10-12 02:19:33
xuanzhou,35.15,-114.57,23.8,90,45,27,2.6,2018-10-12 01:56:00
mecca,54.1,123.57,7.67,80,56,7.67,1.61,2018-10-12 02:19:33
kidal,42.68,-82.74,8.95,90,61,9.8,6.2,2018-10-12 02:00:00
grand river south east,17.01,54.1,29,0,66,29,7.2,2018-10-12 00:50:00
maceio,39.28,141.86,16,75,77,16,1,2018-10-12 01:00:00
yeppoon,39.73,98.49,9.17,0,32,9.17,1.61,2018-10-12 02:19:34
tumannyy,9.15,78,26.35,0,97,26.35,2.06,2018-10-12 02:19:34
vung tau,52.53,52.75,1.62,32,69,1.62,5.36,2018-10-12 02:19:34
high level,33.73,135.39,18,75,59,18,8.2,2018-10-12 01:00:00
bonthe,31.86,10.98,19.7,68,59,19.7,2.66,2018-10-12 02:19:35
mogzon,23.54,86.67,22.67,100,99,22.67,3.76,2018-10-12 02:19:35
aflu,8.5,8.51,22.25,88,97,22.25,2.31,2018-10-12 02:19:35
bezenchuk,14.9,120.78,30.68,75,70,32,6.2,2018-10-12 02:00:00
jam sahib,30.16,-85.65,25.32,0,100,25.32,7.81,2018-10-12 02:18:34
banbury,25,88.15,22.92,92,99,22.92,4.26,2018-10-12 02:19:36
shelburne,51.49,95.55,3.45,0,77,3.45,1.51,2018-10-12 02:10:51
phan rang,46.45,135.83,7,44,77,7,1.66,2018-10-12 02:19:36
gulshat,28.42,30.79,16.67,0,82,16.67,3.21,2018-10-12 02:19:36
puerto narino,21.54,-105.29,22,90,68,22,1.01,2018-10-12 00:47:00
dargaville,-20.73,139.49,31,44,19,31,3.1,2018-10-12 02:00:00
yakeshi,66.04,60.13,0.57,88,80,0.57,5.11,2018-10-12 02:19:37
brae,21.44,-157.84,25.78,90,100,28.9,3.6,2018-10-12 01:05:00
auki,-26.45,31.02,12.95,8,85,12.95,0.96,2018-10-12 02:19:37
waseca,22.58,113.87,23.63,20,60,24,4.1,2018-10-12 02:00:00
lydenburg,35.3,37.18,13.85,12,88,13.85,0.86,2018-10-12 02:19:38
asfi,44.82,33.6,11.77,0,100,11.77,5.41,2018-10-12 02:19:38
udachnyy,-26.5,17.16,12.97,56,51,12.97,1.31,2018-10-12 02:17:04
yurimaguas,39.94,-77.66,20.02,90,75,22.2,5.7,2018-10-12 01:53:00
kariba,40.71,112.04,6,0,45,6,2,2018-10-12 01:00:00
skjervoy,61.69,33.62,8,80,93,8,4,2018-10-12 01:00:00
muisne,9.46,12.04,24.22,0,78,24.22,3.21,2018-10-12 02:19:38
aklavik,15.09,-87.97,27,20,83,27,1.5,2018-10-12 02:00:00
nabire,39.96,-4.83,15.17,68,97,15.17,2.41,2018-10-12 02:15:24
coquimbo,54.11,-112.47,0.42,80,89,0.42,3.46,2018-10-12 02:19:39
mumford,56.08,99.63,4.42,8,62,4.42,1.56,2018-10-12 02:19:39
sakakah,46.06,24.01,4.47,0,100,5,2.1,2018-10-12 02:00:00
general roca,13.79,-15.05,25.6,0,80,25.6,2.86,2018-10-12 02:19:39
ganzhou,35.51,27.21,20,0,77,20,9.8,2018-10-12 01:50:00
maputo,72.79,-56.15,-3.83,0,100,-3.83,5.36,2018-10-12 02:10:17
zapolyarnyy,-21.64,-41.05,23.72,76,100,23.72,1.21,2018-10-12 02:19:40
huilong,59.36,143.24,3.7,0,92,3.7,2.31,2018-10-12 02:19:40
seoul,-34.33,-70.9,4.57,0,98,4.57,0.51,2018-10-12 02:19:40
gwadar,-14.56,40.69,23.5,68,100,23.5,1.66,2018-10-12 02:19:41
hualmay,-21.76,-52.12,23.57,68,80,23.57,4.66,2018-10-12 02:19:41
hailey,29.29,-81.06,26.87,20,87,27.8,3.1,2018-10-12 00:53:00
vestmanna,-6.22,-57.76,24.57,56,96,24.57,0.86,2018-10-12 02:10:07
lisakovsk,30.78,78.62,10.62,0,72,10.62,0.91,2018-10-12 02:17:04
macaboboni,43.97,-111.68,5.19,40,11,6.7,2.31,2018-10-12 01:56:00
atar,19.91,109.69,26.25,68,86,26.25,5.21,2018-10-12 02:19:41
zambezi,-3.44,10.65,24.47,88,99,24.47,2.31,2018-10-12 02:19:41
marfino,28.17,94.8,18.72,92,81,18.72,0.81,2018-10-12 02:19:42
charsadda,68.82,-51.19,-12,0,66,-12,1.5,2018-10-12 01:50:00
ajaccio,-5.5,-36.51,24.32,0,73,24.32,5.66,2018-10-12 02:19:42
baykit,37.55,45.08,10,20,93,10,1.96,2018-10-12 01:00:00
uvira,-0.72,8.78,25.2,80,100,25.2,2.76,2018-10-12 02:19:11
bullhead city,34.16,77.58,-7.88,76,66,-7.88,0.91,2018-10-12 02:10:59
takhtamygda,31.89,-85.15,20.58,1,70,21.7,3.1,2018-10-12 01:53:00
new baltimore,37.8,-25.58,22,75,94,22,10.8,2018-10-12 02:00:00
umm ruwabah,-34.05,23.37,15.37,100,100,15.37,5.66,2018-10-12 02:19:43
salalah,33.93,134.5,17,75,55,17,2.1,2018-10-12 01:00:00
kamaishi,15.41,79.51,31.6,0,46,31.6,2.31,2018-10-12 02:19:43
jiuquan,43.42,-8.16,16.15,68,68,18,6.2,2018-10-12 02:00:00
ettaiyapuram,-34.67,150.86,17,75,51,17,6.7,2018-10-12 02:00:00
totskoye,50.7,-127.42,10,75,87,10,1.76,2018-10-12 02:00:00
tanabe,61.92,159.24,5.1,76,100,5.1,2.11,2018-10-12 02:19:44
nalut,51.07,37.24,5,0,75,5,3,2018-10-12 01:30:00
raghunathpur,35.13,-118.45,17.71,1,62,20.6,3.1,2018-10-12 01:58:00
lafia,54.33,110.32,1.07,64,84,1.07,1.11,2018-10-12 02:19:44
palimbang,30.72,-111.84,20.07,88,65,20.07,4.71,2018-10-12 02:19:45
panama city,-13.65,-73.37,7.07,56,95,7.07,0.86,2018-10-12 02:19:45
ingraj bazar,35.17,-2.93,17.74,0,82,19,3.46,2018-10-12 02:00:00
ngukurr,61.25,73.4,1,75,100,1,4,2018-10-12 01:30:00
saryg-sep,-21.69,165.68,29,0,51,29,4.6,2018-10-12 02:00:00
vostok,36.79,31.44,20,40,45,20,4.6,2018-10-12 01:50:00
matay,50.26,-5.05,14,90,93,14,11.3,2018-10-12 00:50:00
san blas,65.58,-170.99,6.07,88,100,6.07,8.56,2018-10-12 02:17:03
mount isa,25.02,37.27,22.07,0,100,22.07,3.46,2018-10-12 02:19:46
inta,-32.72,152.14,17,75,67,17,6.2,2018-10-12 02:00:00
ahuimanu,62.91,6.91,14.07,56,76,16,4.6,2018-10-12 01:50:00
palabuhanratu,57.46,28.17,3,0,93,3,3.71,2018-10-12 01:00:00
mhlambanyatsi,57.79,14.13,10,0,87,10,5.1,2018-10-12 01:50:00
xixiang,62.59,40.61,-1.08,44,87,-1.08,2.11,2018-10-12 02:19:47
abu samrah,-15.23,-59.33,23.2,8,91,23.2,1.21,2018-10-12 02:19:47
juifang,12.39,-5.46,24.87,32,78,24.87,1.26,2018-10-12 02:19:47
uhlove,-33.44,-70.65,11,20,76,11,3.1,2018-10-12 02:00:00
bethanien,19.1,37.33,29,0,66,29,2.1,2018-10-12 01:00:00
chambersburg,34.68,135.8,19,75,55,19,6.2,2018-10-12 01:30:00
zhuhai,22.82,115.83,22.02,76,100,22.02,8.86,2018-10-12 02:19:49
pryazha,-12.58,13.4,21.7,88,100,21.7,0.91,2018-10-12 02:19:49
numan,52.43,60.33,0.52,20,84,0.52,4.51,2018-10-12 02:19:49
amapa,13.86,123.77,29,80,87,29,3.31,2018-10-12 02:19:49
talavera de la reina,10.52,9.86,22.57,56,69,22.57,1.51,2018-10-12 02:19:49
smoky lake,52.61,1.73,14,0,93,14,4.1,2018-10-12 01:50:00
chunskiy,-45.41,167.72,1.77,88,89,1.77,4.96,2018-10-12 02:19:50
saryshagan,26.63,-78.28,28.02,48,100,28.02,5.31,2018-10-12 02:19:50
cenade,-7.47,-34.81,24,20,78,24,4.1,2018-10-12 01:00:00
nioro,8,124.29,25.85,44,89,25.85,0.81,2018-10-12 02:19:50
karpathos,42.05,59.39,8.09,0,50,11,4.1,2018-10-12 01:30:00
upernavik,23.03,116.29,22,0,73,22,2,2018-10-12 01:00:00
sao joao da barra,46.27,-81.77,5.35,0,81,5.35,5.36,2018-10-12 02:19:51
okhotsk,7.35,80.68,22.42,92,95,22.42,1.26,2018-10-12 02:19:51
esmeralda,10.15,-85.45,25,75,88,25,2.1,2018-10-12 01:00:00
nacala,-16.84,36.99,18.62,0,90,18.62,1.16,2018-10-12 02:19:51
presidente epitacio,39.98,-6.54,10.42,44,95,10.42,1.76,2018-10-12 02:19:04
ormond beach,39.86,116.51,12,0,54,12,1,2018-10-12 01:30:00
jacareacanga,43.52,20.24,7.09,0,100,9,0.5,2018-10-12 02:00:00
lata,57.82,114.02,1.92,88,90,1.92,1.71,2018-10-12 02:19:52
saint anthony,41.89,12.48,17.39,0,88,18,2.6,2018-10-12 01:50:00
lingao,49.7,37.18,6,0,70,6,4,2018-10-12 02:00:00
mayumba,5.67,73,27.82,92,100,27.82,4.31,2018-10-12 02:11:00
along,34.78,32.57,20,64,68,20,3.6,2018-10-12 02:00:00
qasigiannguit,67.68,53.15,2.37,92,100,2.37,12.36,2018-10-12 02:19:53
afonso bezerra,40.13,63.45,5.77,0,75,5.77,1.26,2018-10-12 02:19:53
alipur duar,37.04,-77.1,22.38,90,90,25,9.3,2018-10-12 01:59:00
orumiyeh,7.62,-11.83,21.5,8,99,21.5,0.51,2018-10-12 02:15:23
port-gentil,25.52,90.21,21.35,92,98,21.35,2.56,2018-10-12 02:10:56
leh,-7.74,-72.65,25,75,88,25,1.5,2018-10-12 01:00:00
eufaula,59.65,67.41,1.12,92,92,1.12,5.81,2018-10-12 02:19:54
rabo de peixe,49.03,-119.47,8.83,75,57,10,1.5,2018-10-12 02:00:00
plettenberg bay,36.62,29.12,15,0,77,15,3.1,2018-10-12 01:50:00
samalaeulu,22.92,-98.09,28.52,68,92,28.52,4.96,2018-10-12 02:19:54
katsuura,31.61,-81.89,25.01,1,73,26,3.16,2018-10-12 02:01:00
kanigiri,38.73,-27.07,21,40,88,21,16.26,2018-10-12 02:00:00
cabanas,55.49,46.95,1.7,8,76,1.7,3.16,2018-10-12 02:19:55
kiama,7.06,-4.5,23,80,92,23,2.36,2018-10-12 02:19:55
port hardy,55.64,95.45,5,20,56,5,2.41,2018-10-12 02:10:48
evensk,63.83,10.7,14,0,62,14,8.2,2018-10-12 01:50:00
skorodnoye,64.17,-51.74,-4,0,73,-4,5.1,2018-10-12 01:50:00
tehachapi,4.14,96.13,26.57,64,100,26.57,0.96,2018-10-12 02:08:18
kurumkan,-11.38,43.28,24.62,0,100,24.62,4.66,2018-10-12 02:19:55
altar,50.23,-63.6,1,90,69,1,2.6,2018-10-12 02:00:00
san jeronimo,-21.05,-48.85,24,20,73,24,4.6,2018-10-12 01:00:00
nador,51.79,1.16,13.61,0,87,14,4.6,2018-10-12 01:50:00
surgut,43.97,42.04,0.82,8,84,0.82,0.91,2018-10-12 02:19:56
moindou,64.86,-147.8,5.44,90,98,6.4,2.6,2018-10-12 00:58:00
kamenskoye,51.5,156.52,8.57,92,98,8.57,4.86,2018-10-12 02:19:56
manavgat,52.84,-8.98,12,75,93,12,9.8,2018-10-12 02:00:00
truro,37.94,-7.6,17,75,77,17,0.5,2018-10-12 02:00:00
lavrentiya,9.96,76.25,25,20,88,25,1,2018-10-12 02:00:00
umm lajj,41.28,20.71,2.32,0,87,2.32,1.16,2018-10-12 02:10:46
nelson bay,-4.07,19.59,22.75,80,98,22.75,0.31,2018-10-12 02:19:57
utiroa,-19.79,-63.2,18.75,92,89,18.75,1.31,2018-10-12 02:19:57
bud,63.84,-22.43,7.61,75,81,8,9.8,2018-10-12 01:30:00
sofiysk,12.52,-70.03,28,20,78,28,3.6,2018-10-12 01:00:00
alotau,4.27,-54.38,28.07,8,65,28.07,2.31,2018-10-12 02:19:58
pleshanovo,42.77,-9.06,15,20,82,15,8.2,2018-10-12 01:30:00
dalvik,-22,148.04,28.42,80,46,28.42,2.51,2018-10-12 02:19:58
puksoozero,53.41,-111.68,0.77,88,91,0.77,4.91,2018-10-12 02:19:58
urdzhar,-12.18,26.4,21.17,36,51,21.17,3.26,2018-10-12 02:19:58
